{"cameraMode":{"drawMode":0,"name":"Shaded","section":"Shading Mode"},"sceneLighting":true,"audioPlay":false,"sceneViewState":{"m_AlwaysRefresh":false,"showFog":true,"showSkybox":true,"showFlares":true,"showImageEffects":true,"showParticleSystems":true,"showVisualEffectGraphs":true,"m_FxEnabled":true},"in2DMode":false,"pivot":{"x":-0.43838438391685488,"y":-0.3163987100124359,"z":-0.03838806599378586},"rotation":{"x":-0.07851120084524155,"y":0.9205700159072876,"z":-0.2482553869485855,"w":-0.2911318242549896},"size":14.604999542236329,"orthographic":false}