{"cameraMode":{"drawMode":0,"name":"Shaded","section":"Shading Mode"},"sceneLighting":true,"audioPlay":false,"sceneViewState":{"m_AlwaysRefresh":false,"showFog":true,"showSkybox":true,"showFlares":true,"showImageEffects":true,"showParticleSystems":true,"showVisualEffectGraphs":true,"m_FxEnabled":true},"in2DMode":false,"pivot":{"x":-4.776067733764648,"y":1.787909746170044,"z":1.2696198225021363},"rotation":{"x":0.006725205108523369,"y":0.5992619395256043,"z":-0.005032681860029697,"w":0.8005141019821167},"size":2.8272178173065187,"orthographic":true}